insert into department values ('cs','cs1@email');
insert into department values ('me','me1@email');
insert into department values ('ce','ce1@email');
insert into department values ('ee','ee1@email');
insert into department values ('hs','hs1@email');
insert into department values ('ma','ma1@email');
insert into department values ('ph','ph1@email');
insert into department values ('ge','cs1@email');

insert into faculty values ('cs1','cs1@email','cs',date('2018-01-01'),'1234567890','address');
insert into faculty values ('cs2','cs2@email','cs',date('2018-01-01'),'1234567890','address');
insert into faculty values ('me1','me1@email','me',date('2018-01-01'),'1234567890','address');
insert into faculty values ('me2','me2@email','me',date('2018-01-01'),'1234567890','address');
insert into faculty values ('ce1','ce1@email','ce',date('2018-01-01'),'1234567890','address');
insert into faculty values ('ce2','ce2@email','ce',date('2018-01-01'),'1234567890','address');
insert into faculty values ('ee1','ee1@email','ee',date('2018-01-01'),'1234567890','address');
insert into faculty values ('ee2','ee2@email','ee',date('2018-01-01'),'1234567890','address');
insert into faculty values ('hs1','hs1@email','hs',date('2018-01-01'),'1234567890','address');
insert into faculty values ('hs2','hs2@email','hs',date('2018-01-01'),'1234567890','address');
insert into faculty values ('ma1','ma1@email','ma',date('2018-01-01'),'1234567890','address');
insert into faculty values ('ma2','ma2@email','ma',date('2018-01-01'),'1234567890','address');
insert into faculty values ('ph1','ph1@email','ph',date('2018-01-01'),'1234567890','address');
insert into faculty values ('ph2','ph2@email','ph',date('2018-01-01'),'1234567890','address');
insert into faculty values ('cs3','cs3@email','ph',date('2016-01-01'),'1234567890','address');

insert into courses values ('cs101','cs',3,3,0,3.0,null);
insert into courses values ('cs201','cs',3,3,2,4.5,null);
insert into courses values ('cs202','cs',3,3,2,4.0,Array[['cs101']]);
insert into courses values ('cs301','cs',3,3,2,4.0,Array[['cs101','cs201'],['cs202','']]);
insert into courses values ('me101','me',3,3,0,3.0,null);
insert into courses values ('me201','me',3,3,2,4.5,null);
insert into courses values ('ce101','ce',3,3,0,3.0,null);
insert into courses values ('ce201','ce',3,3,2,4.5,null);
insert into courses values ('ee101','ee',3,3,0,3.0,null);
insert into courses values ('ee201','ee',3,3,2,4.5,null);
insert into courses values ('hs101','hs',3,3,0,3.0,null);
insert into courses values ('hs201','hs',3,3,2,4.5,null);
insert into courses values ('ma101','ma',3,3,0,3.0,null);
insert into courses values ('ma201','ma',3,3,2,4.5,null);
insert into courses values ('ph101','ph',3,3,0,3.0,null);
insert into courses values ('ph201','ph',3,3,2,4.5,null);
insert into courses values ('cp101','ge',3,3,0,3.0,null);
insert into courses values ('cp102','ge',3,3,2,3.0,null);

insert into students values ('s1cs','s1cs@email','cs',2018,'btech','address','1234567890');
insert into students values ('s2cs','s2cs@email','cs',2018,'btech','address','1234567890');
insert into students values ('s3me','s3me@email','me',2018,'btech','address','1234567890');
insert into students values ('s4me','s4me@email','me',2018,'btech','address','1234567890');
insert into students values ('s5ce','s5ce@email','ce',2018,'btech','address','1234567890');
insert into students values ('s6ce','s6ce@email','ce',2018,'btech','address','1234567890');
insert into students values ('s7ee','s7ee@email','ee',2018,'btech','address','1234567890');
insert into students values ('s8ee','s8ee@email','ee',2018,'btech','address','1234567890');
insert into students values ('test','test@email','cs',2016,'btech','address','1234567890');

insert into users values ('cs1@email','cs1',2);
insert into users values ('cs2@email','cs2',2);
insert into users values ('me1@email','me1',2);
insert into users values ('me2@email','me2',2);
insert into users values ('ce1@email','ce1',2);
insert into users values ('ce2@email','ce2',2);
insert into users values ('ee1@email','ee1',2);
insert into users values ('ee2@email','ee2',2);
insert into users values ('hs1@email','hs1',2);
insert into users values ('hs2@email','hs2',2);
insert into users values ('ma1@email','ma1',2);
insert into users values ('ma2@email','ma2',2);
insert into users values ('ph1@email','ph1',2);
insert into users values ('ph2@email','ph2',2);
insert into users values ('s1cs@email','s1cs',3);
insert into users values ('s2cs@email','s2cs',3);
insert into users values ('s3me@email','s3me',3);
insert into users values ('s4me@email','s4me',3);
insert into users values ('s5ce@email','s5ce',3);
insert into users values ('s6ce@email','s6ce',3);
insert into users values ('s7ee@email','s7ee',3);
insert into users values ('s8ee@email','s8ee',3);
insert into users values ('s9hs@email','s9hs',3);
insert into users values ('s10hs@email','s10hs',3);
insert into users values ('s11ma@email','s11ma',3);
insert into users values ('s12ma@email','s12ma',3);
insert into users values ('s13ph@email','s13ph',3);
insert into users values ('s14ph@email','s14ph',3);
insert into users values ('test@email','test',3);
insert into users values ('acad@email','acad',1);
insert into users values ('dean@email','dean',0);

insert into degree_criteria values (2018,'cs','btech',Array['cs101','cs201','cs202','ee101','ma101','ph101','hs101'],3.0,3.0,3.0,3.0,Array['cp101','cp102']);
insert into degree_criteria values (2018,'me','btech',Array['me101','ee101','ma101','ph101','hs101'],3.0,3.0,3.0,3.0,Array['cp101','cp102']);
insert into degree_criteria values (2018,'ce','btech',Array['ce101','ma101','ph101','hs101'],3.0,3.0,3.0,3.0,Array['cp101','cp102']);
insert into degree_criteria values (2018,'ee','btech',Array['ee101','ma101','ph101','hs101'],3.0,3.0,3.0,3.0,Array['cp101','cp102']);
insert into degree_criteria values (2016,'cs','btech',Array['cs101','ma101','ph101','hs101'],3.0,3.0,3.0,3.0,Array['cp101','cp102']);

insert into current_event values ('completed',2,2018,'2018-07-01','2018-12-31');
insert into current_event values ('offering',2,2018,'2018-07-01','2018-07-10');
insert into current_event values ('takeback_course',2,2018,'2018-07-01','2018-07-10');
insert into current_event values ('registration',2,2018,'2018-07-01','2018-07-10');
insert into current_event values ('deregister',2,2018,'2018-07-01','2018-07-10');
insert into current_event values ('grading',2,2018,'2018-12-20','2018-12-31');
insert into current_event values ('ongoing',1,2019,'2019-01-01','2019-06-30');
insert into current_event values ('offering',1,2019,'2019-01-01','2019-01-10');
insert into current_event values ('takeback_course',1,2019,'2019-01-01','2019-01-10');
insert into current_event values ('registration',1,2019,'2019-01-01','2019-01-10');
insert into current_event values ('deregister',1,2019,'2019-01-01','2019-01-10');

insert into offering values ('cs101',2,2018,'cs1@email',0.0);
insert into offering values ('cs201',2,2018,'cs2@email',0.0);
insert into offering values ('me101',2,2018,'me1@email',0.0);
insert into offering values ('ce101',2,2018,'ce1@email',0.0);
insert into offering values ('ee101',2,2018,'ee1@email',0.0);
insert into offering values ('ma101',2,2018,'ma1@email',0.0);
insert into offering values ('ph101',2,2018,'ph1@email',0.0);
insert into offering values ('hs101',2,2018,'hs1@email',0.0);
insert into offering values ('cp101',2,2018,'ee1@email',0.0);
insert into offering values ('cp102',2,2018,'ee1@email',0.0);
insert into offering values ('cs101',1,2019,'cs1@email',0.0);
insert into offering values ('cp101',1,2019, 'ce1@email',0.0);
insert into offering values ('cs101',2,2016, 'cs3@email',0.0);
insert into offering values ('ma101',2,2016, 'cs3@email',0.0);
insert into offering values ('ph101',2,2016, 'cs3@email',0.0);
insert into offering values ('hs101',2,2016, 'cs3@email',0.0);
insert into offering values ('cp101',2,2016, 'cs3@email',0.0);
insert into offering values ('cp102',2,2016, 'cs3@email',0.0);
insert into offering values ('hs201',1,2017, 'cs3@email',0.0);
insert into offering values ('cs201',1,2017, 'cs3@email',0.0);
insert into offering values ('ph201',1,2017, 'cs3@email',0.0);

insert into student_course values ('s1cs@email','cs101',2,2018,'C');
insert into student_course values ('s1cs@email','cs201',2,2018,'C');
insert into student_course values ('s1cs@email','ma101',2,2018,'C');
insert into student_course values ('s1cs@email','ph101',2,2018,'C');
insert into student_course values ('s1cs@email','hs101',2,2018,'C');
insert into student_course values ('s1cs@email','ee101',2,2018,'C');
insert into student_course values ('s2cs@email','cs101',2,2018,'C');
insert into student_course values ('s2cs@email','hs101',2,2018,'C');
insert into student_course values ('s3me@email','me101',2,2018,'C');
insert into student_course values ('s3me@email','ma101',2,2018,'C');
insert into student_course values ('s3me@email','ph101',2,2018,'F');
insert into student_course values ('s4me@email','me101',2,2018,'C');
insert into student_course values ('s4me@email','ma101',2,2018,'C');
insert into student_course values ('s5ce@email','ce101',2,2018,'F');
insert into student_course values ('s6ce@email','ce101',2,2018,'F');
insert into student_course values ('s7ee@email','ee101',2,2018,'C');
insert into student_course values ('s7ee@email','cs101',2,2018,'C');
insert into student_course values ('s8ee@email','ee101',2,2018,'C');
insert into student_course values ('s8ee@email','ma101',2,2018,'C');
insert into student_course values ('s8ee@email','hs101',2,2018,'C');
insert into student_course values ('s8ee@email','ph101',2,2018,'C');
insert into student_course values ('s8ee@email','cp101',2,2018,'C');
insert into student_course values ('s8ee@email','cp102',2,2018,'C');
insert into student_course values ('test@email','cp101',2,2016,'C');
insert into student_course values ('test@email','cp102',2,2016,'C');
insert into student_course values ('test@email','cs101',2,2016,'C');
insert into student_course values ('test@email','hs101',2,2016,'C');
insert into student_course values ('test@email','ma101',2,2016,'C');
insert into student_course values ('test@email','ph101',2,2016,'C');
insert into student_course values ('test@email','hs201',1,2017,'C');
insert into student_course values ('test@email','ph201',1,2017,'C');
insert into student_course values ('test@email','cs201',1,2017,'C');

insert into grades values ('s1cs@email','cs101',3.0,2,2018,10);
insert into grades values ('s1cs@email','cs201',4.5,2,2018,9);
insert into grades values ('s1cs@email','ma101',3.0,2,2018,9);
insert into grades values ('s1cs@email','ph101',3.0,2,2018,8);
insert into grades values ('s1cs@email','hs101',3.0,2,2018,10);
insert into grades values ('s1cs@email','ee101',3.0,2,2018,8);
insert into grades values ('s2cs@email','cs101',3.0,2,2018,8);
insert into grades values ('s2cs@email','hs101',3.0,2,2018,10);
insert into grades values ('s3me@email','me101',3.0,2,2018,5);
insert into grades values ('s3me@email','ma101',3.0,2,2018,7);
insert into grades values ('s3me@email','ph101',3.0,2,2018,2);
insert into grades values ('s4me@email','me101',3.0,2,2018,4);
insert into grades values ('s4me@email','ma101',3.0,2,2018,6);
insert into grades values ('s5ce@email','ce101',3.0,2,2018,2);
insert into grades values ('s6ce@email','ce101',3.0,2,2018,2);
insert into grades values ('s7ee@email','ee101',3.0,2,2018,7);
insert into grades values ('s7ee@email','cs101',3.0,2,2018,5);
insert into grades values ('s8ee@email','ee101',3.0,2,2018,7);
insert into grades values ('s8ee@email','ma101',3,2,2018,8);
insert into grades values ('s8ee@email','hs101',3,2,2018,8);
insert into grades values ('s8ee@email','ph101',3,2,2018,8);
insert into grades values ('s8ee@email','cp101',3,2,2018,8);
insert into grades values ('s8ee@email','cp102',3,2,2018,8);
insert into grades values ('test@email','cp101',3,2,2016,8);
insert into grades values ('test@email','cp102',3,2,2016,8);
insert into grades values ('test@email','cs101',3,2,2016,8);
insert into grades values ('test@email','ma101',3,2,2016,8);
insert into grades values ('test@email','hs101',3,2,2016,8);
insert into grades values ('test@email','ph101',3,2,2016,8);
insert into grades values ('test@email','cs201',4.5,1,2017,8);
insert into grades values ('test@email','hs201',4.5,1,2017,8);
insert into grades values ('test@email','ph201',4.5,1,2017,8);